user,level,share
AdamNoDisplay,0,True
Devin2016,1,False
dbilenkin,1,True
hvallejo0905,3,True
thejaygees,4,False
jillrunrun,3,True
b9effd4f-3b9e-4125-aec6-24456c088454,3,False
RunningBryson,4,False
robinbunevich,5,False
b60162b1-a485-480f-8c69-4c33d2e01bb2,6,False
keb402,7,False
09ae0bbe-2ee7-4120-a29b-f99c793bbe16,7,False
Jim_L,6,False
Chris40,7,False
HamedKian,8,True
lugri,8,False
thewilltosay,8,False
kentyj,8,False
carrieannesb,9,False
Smitty_60,10,True
macknighta,11,True
Dogman435,11,False
ibecker11,11,False
JD4NOLES,11,False
VicLem,11,False
graves1471,11,False
heatherlawrence100,11,False
cgoreilly,10,False
Jaimi,11,False
KJWBeigeMan,11,True
miamijac12,11,False
sasharianne,10,False
irish_chica,10,True
ajamiem,11,False
Kohomcm,11,False
DwightJaxon,9,True
civilt,9,True
Andreabaldi48,11,True
94879729-bc3b-4f78-9e89-a649d6aaafc5,11,False
CanSoykarafakili,11,False
e3b1f623-8a7e-4cb7-8283-192fabafd7ab,11,True
DoonCAM,11,False
Geve86,11,False
JedidiahGranger,11,False
Jev25,11,False
Jhosang,11,True
Joerich20,11,False
EagerBeaver26.2,11,False
KittyMitchell,11,False
d86f3908-8526-4911-98bc-5224d4b0bbd8,11,False
LaurelLLS,11,False
MarcMollineaux,11,True
Mels1978,11,False
NoorLynch,11,True
RLabang,11,False
TechyAgent,11,False
f43963e9-2c2a-46ba-8c37-3835b7bfd7f5,11,True
f3312fc0-ad5a-4ff3-9622-6a7af7802999,11,False
pinarmumcu,11,False
stefanenrique,11,False
Duncanmessado,10,False
AdMarkJamaica,11,False
Jabbla,11,False
calalilycel,11,False
8bde6bf4-e5fc-48b0-a4ef-59c34c775b6c,11,False
Hummus27,11,False
ac3ca582-5fff-42c7-8711-292e909c408e,11,False
Kamaal_Azan,11,True
Nelewill,11,False
AuntieSachie,11,False
Stacey-Leigh,11,False
6c32ed19-82d3-48c5-af37-9f2fa45cb17f,10,False
RunnerGirlJA,10,False
Stylz,11,False
TamJam0904,11,False
noreik23,11,True
ICK0221,10,True
JozanneH,11,True
AdamNoDisplay,0,True
2a65d2c3-5533-48b3-892b-aad3d9fc4263,0,False
Elgusto,1,False
4032cd4e-4345-4410-a73b-2d2812a497dc,2,False
TheGarminFactor,3,True
b16bd2a2-5071-46a2-a167-5d36f71c7ae4,4,True
alexionescu,4,True
AmadorG,4,False
jaybeeare,5,True
srod10,6,False
Flex10k47,7,True
SprintBrony,8,True
WalkToEndChildhoodHunger,9,False
SteffenMenzel,9,False
AngelaReaney,9,True
Nottiams,10,True
Piratis,10,True
pandrol,10,False
redneck1760,10,False
vivofit12345678,10,True
kubrickian,10,False
country_kid,10,False
koutsa-koutsa,10,False
angelinakpritchett,9,True
putilina,9,False
antiov,9,True
ick1,9,True
BradGuernsey,9,True
Ccoockie,9,False
Ludovic2105,10,False
chelsiedelacruz,9,False
Chrispyone3245,9,True
Docerda,9,True
DorisLocklear,10,False
Gracie1434,11,False
ElliotChapman123,11,True
Eveiesmith2288,11,False
peterhenwood,11,True
Georgiagirl4ever,10,True
CDConnect,11,False
Chadsage,11,True
Cyberdon,11,True
JulesBoop,11,False
Louebunting,11,False
raycock,11,False
Sas6,11,False
dado39,11,True
drveazey,11,True
gindargab,11,False
jacklynkitz.myitworks.com,11,False
jckrenee23,11,False
rem3903,11,False
JLeBourgeois,10,True
1.Till,11,False
PACKW00D,11,True
Alvlee,11,True
audreymayrent,11,True
992008cd-6c8c-4aec-bb60-131fefeb531d,11,False
SandNurse,11,False
Cikiriki,11,True
CoconutDax,11,True
DJCriswell265,11,True
faf58dad-1283-47b6-92f7-e9eceeb00ab7,11,False
Lsudeebaby44,11,False
EliudMuholo,11,False
27e1a1aa-50d8-41ed-b6ea-95295882c749,11,True
KD1225,11,True
KatRules,11,False
Yupigmi,11,True
8eef997c-57e7-441d-a5f3-8e529b2db978,11,True
Laurabutterfly,11,False
LaurelAnne2015,11,True
MarcelStr,11,True
156335f8-baf1-44be-b9c5-cdecc12b1dcb,11,False
MrsBaz,11,True
Mateo198846,11,True
MoniqueTyler,11,True
Murphman08,11,False
Notfastbutfurious,11,False
PMGBernard,11,False
Paula3601,11,False
RILY,11,False
RavenRayne,11,False
Topreeceowens1998,11,False
RGomberg,11,False
Shar1b,11,False
Shaunew,11,True
ShannonLynnDusek,11,False
Shay161,11,True
Langy82,11,True
bigredman32,11,False
TimRichPT,11,True
Trellm,11,True
jipang7,11,False
graves1471,11,False
tn42.195,11,False
dburnett1968,11,True
joylove26,11,True
mongohungry1,11,False
mrjasanchez,11,True
zradzio,11,False
b1fa4da4-1a48-44a1-b1cf-737159402565,11,False
dragonwise1,11,True
LeighKelly2,10,True
Cympduke,11,False
JerryKellyJr,11,True
ecde92c7-eee5-4451-aa1b-ed2bd672345d,11,False
daf19a15-0f89-4cc7-a5a5-7a49bcf9f6e7,11,True
mark_kelly,11,True
jannettecoon,11,False
sunny1080,10,False
Ma-Sy,10,True
bigandysrunning,11,False
MIAMIart,11,False
BeckyForerunner235,11,False
eacrimmins,11,False
CandaceRunning,11,False
30ee311a-ba24-4076-a9d9-88dffed66f1d,11,False
54418f31-bc6f-4c9d-aa8e-0083dd9042a2,11,True
DavaS,11,False
ElizabethZara,11,True
782f5b6e-1b57-4268-9001-00247077aa2f,11,False
02a0e023-bf26-4533-8130-fff6a360139b,11,False
48083a82-e0e3-4ba8-9764-1aeff402dcac,11,True
John.Spyridakis74,11,False
453ba96d-c5d0-4143-8141-5f2391982cb3,11,True
789309f3-dc8c-4ae8-8c40-ac8c803f4243,11,False
Joldenburg,11,True
Kimluvstea2,11,False
8f4d4516-b4a4-456a-8bef-8408541ae34f,11,True
LaraWines,11,True
LGWapnitsky,11,False
louisekf,11,False
RunningMaryRose,11,False
NILCEUJUNIOR,11,False
NavajoRunner,11,False
Pseisert,11,True
Poppysvivo,11,False
Ramtin91,11,False
RanMan22,11,False
Rose_01,11,False
sedulitz,11,False
scarahs79,11,True
momo04,11,True
36f57aaf-0666-40b7-8070-92b53fb61f43,11,False
370cd2ce-3fa3-4975-bca4-69ddf8221d21,11,True
jeremyault,11,False
knordlander,11,False
marlinclub8,11,False
misterinkredible,11,True
HuHa80,11,False
Velocity1,10,False
bridgettb100,11,False
Bytegal,11,True
Carole1972,11,True
Dkhan113456,11,False
davemanbme,11,True
Dwoodwalkmorethanyou,11,False
thepackster,11,False
Wendland77,11,True
booksworm,11,False
lilacs1,11,False
LGoddard,11,False
MarkKAC,11,False
Butpucky,11,False
Relentless510,11,True
StarofHearts,11,False
Travusbrandon,11,False
MonkaMonka,11,False
Wvlar,11,False
erichuilu,11,True
imontufo,11,True
kowgirlblu,11,False
tjtiggs50,11,False
wuzsong,11,False
Working2GetFit4Me,10,False
Xy0n,11,True
Flutechick65,11,False
KristiTob,11,False
iamlaura,11,False
bethjames35,10,False
AmberStrawberryShortcakeWalker,11,False
zyzyka,11,False
christihamann,10,False
allikat07,11,False
Ashb523,11,False
Edsbabe,11,False
Gigi_DFW,11,False
Jamesonhamann,11,False
Knance12,11,False
MLong2015,11,False
Sam2124,11,True
Alex_Granell,11,False
dbabueno,11,False
lagartillomix,11,False
Ipancorbo,11,True
jrsotoart,11,True
notenchufes,11,False
cho2,11,True
Kiuber,11,False
luisvr,11,False
LunaTan,11,True
Willwill1968,11,True
nachofiloso,11,False
NadirBourasTri1,11,False
haxer888,11,False
Normahood,11,True
kaporal2013,11,False
RUN.PARA.VIVIR,11,True
spinmara,11,False
HavieRosales,11,False
imacazagamartin,11,False
jsdiaresco,11,False
melipineda,11,False
njp2016,11,True
rickirun,11,False
tonitur2003,11,True
suzant2015,10,False
Earthgirl33,9,False
ianghel4325,9,False
J.W.Jones,9,True
1970babs,10,False
Mermaid74,11,False
AngieAbbott,10,True
Burnie88,11,True
Glamsterbritt,11,False
Flittes,11,True
HeidiQC,11,True
Cbholloway08,11,True
John342,11,False
MichaelMoss10,11,True
chewy1970,11,True
a229e8ad-3db6-4b0e-9f18-a4a408ddd771,11,False
PaulBernard51,11,True
Peanut2476,11,True
walleye_ten,11,False
Niquel65,11,True
spfdesign,11,False
Harrob,11,False
bigoso83,11,True
lauriyafisio,11,False
sharondb52,11,False
eb421eed-8045-44c3-830f-fd4d54445737,11,False
GZRT21,11,True
BrittanyCJ,10,False
Nomad23,11,False
Alexander_3,11,False
Anastasia_garmin,11,False
Cruiser305,11,False
Gnimx,11,False
Harbaksh,11,True
Ira.Burns,11,True
JeffB1977,11,False
JulieJules76,11,True
Manuval1976,11,False
FrenchFryKindOfGuy,11,False
s..shin,11,False
CharlyCabron,10,False
Cperry_1,10,False
804164f8-8c0a-49f8-b4eb-d871afdd92fe,11,False
CareBear37,11,False
MissyWoods,11,False
pupphillips,11,False
Royden4,11,False
DebbyEvans,10,False
Fitnessmom14,10,False
layogamomma,11,True
sneddie7,11,False
JREEDULTRA,11,True
JD4NOLES,11,False
Jessica_Spivey,11,False
Kirsty_x,11,True
Labix,11,False
coach5k1602,11,True
Mother2Bears,11,False
OGUSCAM,11,False
QueenOfSleep,11,False
3xx5,11,False
robert1264,11,True
scottyg70,11,True
Jayers03,10,False
Jennifer_M_H,10,False
Mickie8153,11,False
Dealeo270,10,True
GeorgeA,11,False
jasminefit2016,11,True
a6fcbf63-29de-4a69-a959-a31045fd4916,11,True
dskmon,11,True
TammieN_Indy,11,True
tapiriik-sync-beiseker,11,True
JessicaRisher,10,False
haysfamily7,11,False
Benramr88888,11,True
CarolineRussell15,11,False
Ccam6,11,False
CrunchyCourt,11,True
501c6c15-0538-4ddb-846f-cb2d221f556a,11,True
DeivyReyes,11,True
Kspeir,11,False
kristina424,11,False
LadyJ2015,11,False
LynBurkle,11,True
MRisher,11,True
Monique1988,11,False
beaudisaster_7,11,False
iLoveMuscles,11,True
mlditto08,11,False
ram.villamor,11,False
J04N,10,True
brae82,11,True
Blake_Smith,11,False
CaSch,11,False
8c94b925-a26e-4f81-aa0a-34eb5a006f34,11,True
GrumpyGass16,11,True
JEM90210,11,True
polaris20,11,False
98c2507e-9c7e-4bed-8c4e-0f9ffabe0e18,11,False
NavyMomE4,11,False
SimonXD,11,True
tiagratim,11,False
1ab44331-2a31-4a29-aba0-61b6fc8f92e8,11,False
govardhanrama,11,False
KevinMFahey,10,True
AFuller,11,False
Freddy_McFreddfredd,11,False
scripnic,11,False
sheretha88,11,False
Wesley.Su,11,False
apasquin,11,False
Kevin426,10,False
LadyHekuba,10,False
WyattJ1,11,False
Ann-Avansa,10,True
colejea,11,True
Byrdjw,11,False
kirabuell,11,False
MSherman1,10,False
mlfoye72206,11,True
M_jrett,10,False
brendar77,11,False
ChristaLaree,11,False
running4mydad,11,False
Kesh0919,11,True
LaNegraCrisanta,11,True
ManifestMegan,11,True
Sdawg,11,True
MattS09,10,False
AricKalynchuk,11,False
HoosierDaddy317,11,False
jbrown026,11,False
MLilSmith,11,False
2b704fed-1daa-46ca-a1df-a319c9b316ce,11,True
Melsluis,10,False
soeding,10,False
Bri609,11,False
vmkern,11,False
Nathan.Huntsman,10,True
RandiLucas,10,False
RogerB50,10,True
Brianalex12,11,True
ee0df767-5028-4ff4-83a0-5139a566c7d7,11,False
DianeMNelson,11,True
DonnaC47,11,False
gusgarz,11,False
9b072072-56c0-48f5-86d9-b16367df2b5f,11,True
beertrix,11,True
jb2769,11,True
joelflora,11,False
LovisaFiskarsson,11,True
7mo9,11,False
06002b3a-d100-4808-a3ca-6d4cc63dfad2,11,True
c827e86b-2e57-4abb-bcce-ad51dbbf7c65,11,True
GranichR,11,True
Hiker_Silent_Bob,11,True
ciaotine,11,False
Upside65,11,False
Valjhs,11,False
cowans081,11,False
doneaton,11,False
jgrave10,11,False
moe330,11,False
nadinescat,11,False
fireskycool,11,False
590fffe5-714f-4112-b7f5-ddd8246f6ef7,11,True
IndianaSam,10,False
Samuraigirl99,10,False
Sonadora9,10,False
Familyhistorysleuth,10,False
BeautyDoll2085,11,True
BrittyBratt,11,False
Charles1444,11,False
Tntbombs,11,True
TheSwide,10,False
Thismomof5,10,False
Peng_cs,11,False
AbhishekSoni,11,True
Christina0502,11,False
cjmnz8,11,False
Lindymae,11,True
DYMPLES,11,True
Lovebabiesnotbabyweight,11,False
Danny1507,11,False
Darknlovly,11,False
FabioChavero,11,False
Fbahia,11,False
Keep6,11,True
Jazzybear4,11,False
JuanikoC,11,True
KSterzik,11,False
kelly111676,11,False
HonestlyGina,11,False
Leone1969,11,False
Lisa_royal,11,False
MK_AZ,11,False
MotherClicker,11,False
MrsBrady13,11,False
PezZarusS,11,False
Sonya_,11,False
Soozey123,11,True
Tapehead,11,False
twinsmom820,11,False
vanita5,11,True
baggregchef,11,False
beautyful_1,11,False
ckthebaddest1,11,False
dASIEK,11,False
banz-on-em,11,True
emmeolsson,11,False
isabellawsjoswaerdh,11,False
lruckert,11,False
mariahs.angelz,11,False
ottorider,11,False
raexgo,11,False
sarahmahuna,11,False
sedie80,11,False
Vegmar,10,False
Alfavega,11,False
Zenmonster,10,True
CHRIZMAS,11,False
TENNIS_MAN,11,False
Endo-King,11,False
JeanneOt,11,False
christina9744,11,True
jvd516,11,False
skinnygeekwithin,11,False
hisgirl,10,True
hlillian,10,False
jalexander7900,10,False
joshmaxkate,10,False
Max0324,11,True
Pokecrazed,11,False
Rkyle5953,11,False
xjreaperx,11,False
kellyk0715,11,False
keeaston,10,False
Edychan17,11,False
eastonamy,11,False
lizbrown91011,10,False
Beth2772,11,False
Brian13point1,11,True
msmgr1217,11,True
LaGueraArce,11,False
mindymb,10,False
murphybeth,10,False
Twirlgirl,11,False
sarahcakez,11,False
odmannathaniel,10,False
arasdale,11,False
punkysmom,10,False
saf46013,10,False
Kvalor,11,True
Yo019,11,False
Angelpm29,11,True
Mommafulp,11,False
benasmah,11,True
89a0e650-08d0-4a4b-9f1c-e9087dfa9cd9,11,False
Deborah!,11,False
GusBramwell,11,False
james.friend,11,False
fd497326-6c7a-4697-830e-c45082169b43,11,True
Zvanex,11,False
johndoe_gotha,11,False
Digems1and2,11,False
Kawinski,11,True
KittyHawk99,11,False
347417a7-f572-471e-8778-618871a0992b,11,True
msi_11,11,False
MaryHollingsworth,11,False
d28a6ac5-9bc0-4fee-bddd-fcbbda46b360,11,False
Nessy-Momo,11,False
c53e11f1-8252-4b60-9511-e08157fb68f6,11,False
ssg.Boutte,11,False
SteveAwillrun,11,True
TNDO,11,False
Hoffico,11,False
Valerian1987,11,False
aa085101-bbc4-4d13-b84c-ed32945c3922,11,True
aspalathos,11,True
jmcclelland68,11,False
zachp1981,11,False
sjones85,10,True
christine_kane,9,False
7194e314-d501-4c60-88ba-2b7d46accd6e,10,False
Arichardson83,11,False
OnyeOji,11,False
nicolamazing,11,False
rebgug,11,False
02278612-7abe-4216-92b3-c8035f74b0ae,10,False
aarodrig89,11,False
jmlantz14,10,False
3wordsofsix,10,False
jsalmeri7910,11,False
elongrad97,11,False
rob2772,11,False
7194f92b-5f70-40c7-a590-4b6bdf390c2d,11,True
CommittedLancasterStrider,10,True
vystrax,11,False
JenDella,11,False
ksamis,11,False
SparkyPyc,11,False
Scbruning,11,False
kanncampbell,11,False
Alyssa85,10,False
Gumby999,11,True
cbretson,11,False
sarahthehip1,11,True
amandahyg,10,True
Anissa4334,10,False
$peed$ter,11,False
FernandoG2BA,11,False
Jai3653,11,False
randommiles,11,False
Rondin,11,False
1fastfrey,11,False
BravaMerce,11,True
darcyrippon,11,False
DebBrilliant,11,False
MORTENSENJB,11,False
JennS10,11,False
Megaplooza,11,False
Scottbrilliant,11,False
tgreen13,11,False
dbrilliant,11,False
mrsverre,11,False
noahbrilliant,11,False
notnormajean,11,False
bhaydon,10,True
AndreaMPK,11,False
Adubya,11,True
Bradghudson,11,False
Brivero7,11,True
ChaChaOceguera,11,False
Deston,11,False
gabeavery,11,False
Ga1vin1,11,True
HeidiJaramillo,11,False
KatMax120,11,False
a5572116-5b3d-4727-bde4-095af132bd21,11,False
dc7e7730-0075-43df-bf31-ea46d2451914,11,False
calirunner007,11,True
NickSchuller,11,False
Ajreidtnt,11,True
ReneeSaxman,11,False
d62d446b-5920-45fe-9287-43d7809329a2,11,False
216ab763-4767-4e7b-99aa-1a30078dd2da,11,False
Chris_runs_philly,10,True
3e8549b8-615d-4025-b63e-90323fcb58b4,11,False
Aslatcher2016,11,False
ariana.alyssa,11,False
ARH3304,11,False
Yelssin,11,False
Sheloves2run,11,True
FromPregnantToMarathon,11,False
Boydster519,11,True
CBodels,11,False
Danashea,11,False
Ddobbs1187,11,True
Abarton2010,11,False
heanic78,11,False
JenRunsMaine,11,False
e7bcfef6-3f2e-4650-9d27-8e2f51f5b0d7,11,False
VaultdwellerJill,11,False
joelpalmer,11,False
CoachKennyMo,11,False
Libbyrens,11,False
lilliannemass,11,False
Magnatnic,11,False
2a31b129-d746-43c8-a057-8212ca56f55c,11,True
pseudocajun,11,False
RVAbobby,11,False
runnergirl728,11,False
RoxboroughRunner,11,False
55ac7f94-ac85-429c-9164-ec135e83c52c,11,True
Delrdrunner,11,False
Spiderblues,11,False
Tunderholmes,11,False
VicMais,11,False
bamr_jenn,11,False
biffalicious,11,False
jkmadd,11,False
jmbienvenue,11,False
jmkline8,11,False
jpapp13,11,True
krisptoria,11,False
logicandlies,11,False
mommyof2princesses1,11,False
vierley,11,False
Desiree_Runs71,11,False
DannyWilson1,10,True
7a401a40-a87d-42d0-adb8-db7a14f4e73b,11,True
andreakarmouche,11,True
Ann143,11,False
SimplyAshez,11,True
Astraval,11,True
bethany.ericksen,11,False
carmellewis,11,False
Carmen_Brower,11,False
runhappy72,11,False
bcdevers,11,False
run_happy_dani,11,False
MissRabbitRunner,11,False
EliaSwaggy,11,True
erinpropst,11,False
Skibum9994,11,True
gpollici,11,False
HSchultz1,11,False
7138b612-b3d5-4ec1-9231-dfca0bca0b52,11,False
Jen.Jenni.Jennifer,11,False
9fbacfe0-84b2-4924-a094-913dd76372bd,11,True
Kristykay345,11,False
Ladynicking,11,False
runstruck11,11,False
LaurenSalad,11,False
matildevs,11,False
MaxStewers,11,False
meganrose625,11,False
MichaelEspinozaUribe,11,False
Runnermommy2008,11,False
Nurserunner2,11,False
organicrunnermom,11,False
LittleRockFitness,11,True
RuralMainerunner,11,False
MargretL,11,False
thalverson23,11,False
TheFitRN,11,False
danielj1974,11,False
maddy1969,11,False
radracer129,11,False
runliftyoga,11,True
vegancailia,11,True
dlawrence55,10,False
hooper_dm,10,True
EZ_ED_,10,True
6ecaa52c-5305-4f85-a12e-e5777b035da0,0,True
alfredo814,0,False
Adela11,3,False
AnnaLottmann,4,False
AnaLacrosse,5,False
Bau13,6,True
Nikous21,10,False
Helena2004,11,False
02d7349a-4eb0-45c1-8928-eff39b461c08,11,False
Jana7099,11,False
Lucie_GC,11,False
MajdaKo,11,False
82a18096-48f7-4316-b307-1a46af8fc652,11,False
c68f43b6-5857-427c-9188-63ccb50b541c,11,False
06efdf0b-3f8f-4979-9125-b2633af3128a,8,False
Ljungberg17,9,True
0bc01a4a-e4e6-42f8-a218-5b04c2779baa,0,False
Indy-CZE,0,False
zitmen,1,False
Koptik12,0,False
radek.cerny,0,False
marhasx,0,True
MichalValdhans,10,False
b9c26a06-6df1-4cad-aa8f-605d50222d25,11,False
1c5d8303-d146-4a4d-add8-3d0efdf009c7,11,False
Sacarabeus,11,False
8351fdab-f30e-4c0b-8344-f9ebe121ab00,9,False
Kolombo69,10,False
1e61cd73-0cdf-4e09-a213-2e61f9331953,11,False
Lukash2299,11,False
Martintrener1,11,False
MiRoCZ73,11,False
695811ca-92ce-4190-96b2-de2533c5435c,11,False
Petise,11,True
araska,11,False
yvetah,11,False
petr.paulin,9,False
1Rafaello,11,False
548325e8-cef4-42fa-bd68-41234fff0798,11,False
Krisstofstu,11,False
f9944f37-d2f7-4d3f-a3bd-1cdec3a3d507,11,False
marek_nowak,11,False
c74c124b-7d27-4960-a7ba-bd26ea16006c,11,True
er_tr,11,False
200032c7-c69d-4116-b712-027f2e6bd449,11,False
ewcia1975,11,True
LenkaHlouskova,11,True
Martin_Stehlik,11,False
Michal21,11,False
71d7aac9-9168-4264-bb99-5e742e1c9719,11,False
Nelca_E.,11,False
66edd05c-3402-4336-8b02-4657fa5e9d0d,11,True
0de83125-df86-4fc2-bebc-ec855c52ab1d,0,True
dj_hroch,1,False
agad73,2,False
157eb64e-ee4f-4708-baf2-4015abf9cb23,3,False
0747fddb-4dd2-4adf-8596-5a38521711b3,4,False
bersap,4,False
CezaryChrapek,4,False
Domnvito007,5,True
laciaty,6,True
GRACJAN,7,False
Wewiorek,8,False
Patryk_Wewior,9,False
EvgenyKobernyak,8,False
karbon1995,8,True
Mrowek97,9,True
kajaaa98,10,False
ee7cd854-6dcd-4f5b-b231-75b1fb7ab7a4,11,True
Ochos,11,False
Piotrek_Sobierajski,11,True
kolarzyq,10,False
paschu1,11,False
Jakub_Hercog,11,True
KubaSmieszek,11,True
Norbert_Smieszek,11,True
zaleees,11,True
Tarnovia,11,False
wojsyk94,11,True
kondziu2222,11,False
michal_malecki,11,False
pawelc86,11,False
wojtekwil,11,False
Borys16,9,False
FNCjoker,9,True
Joachim_Makowski,10,False
KrystianRuta.,11,True
MarcelMusielak,11,False
boro754,11,True
michalm353,11,True
obserwator,10,False
.asia.,11,False
ratajczak_artur,11,False
Korczi,9,False
dzikus095,10,False
nataliaradzicka,10,True
ZetDe,9,False
PETEbaker,10,False
ALEXZNINSKI,11,True
AdamusWaw,11,False
d801d1d1-1137-404e-b1a0-c9900ca74b78,11,False
Artur2705,11,False
Cinek1983,11,True
DoCelu,11,False
J.Skiba,11,False
Jaclaw,11,False
jarek.isk,11,True
bd0d5a8a-689a-48e4-b716-7d421e63c7f0,11,False
Krystian.b,11,False
b4cb87af-1cdd-46e1-bdb8-74f1978f2eb5,11,False
lts.rider,11,False
PatrykGARMIN,11,True
Siebert,11,False
PiotrekWaw,11,False
radek01,11,True
radek_kozal,11,True
RyszardZurowski,11,False
Lazi,11,True
tombarcz,11,False
TomekS80,11,True
SebastianRatajczak,10,False
Marian1965,11,False
olucha82,11,False
WojtekZet,11,True
Kafi_,10,False
mimci,11,False
szymon9422,8,False
skrzekus,9,True
Grzechu.,7,False
Bartoszewski,8,False
bobo1001,8,True
ada0301,11,True
iamnajs,11,False
JakubK,11,False
KacperAdamTriathlon,11,True
Maciej_Lehmann,11,False
Maciej811,11,False
PatronNT,11,False
Nuter007,11,False
Olgierd_Molata,11,True
Robert_zmudzin,11,True
Ryszard.Chyzy,11,False
Emocjonalia,11,True
slawekk2,11,True
5df20df1-ca21-4ce8-8622-1de8411b5251,11,True
gajc,11,False
killernt,11,True
tapiriik-sync-two-hills,10,True
Daniel7733,9,False
Akwamaryna,10,False
oski95,11,False
mamuska1208,11,False
orange0,11,False
Bogdan.Czarnota,10,False
gocor,11,False
Adryan8,11,False
ooolosss,11,False
olapodgorska,11,False
ArekMirek,11,False
68e7489c-aa99-46a5-8aaf-b631203a8e56,11,False
thefix1,11,True
GARY_SC,11,False
bartoszmtb,11,False
b.janowski,11,True
c5a1a795-4c47-40ad-aafd-fe89903ebe2d,11,False
9aafc332-1733-481c-b623-e5ea8b269ead,11,False
Mazizg,11,False
jobitko,11,True
Jakub_Obitko,11,True
aac5e554-e14e-4b31-b870-ce9d0cfce098,11,False
jb_edge810,11,False
jjxxx,11,False
966665c7-0d05-4d59-8546-996c1c715655,11,True
siganek,11,True
kromanowski,11,False
karol_Tokarczyk2,11,False
38bdb1ec-ddd8-458c-974b-9b73510a4be8,11,False
5d651eea-0f05-4e88-a2a5-6d0533ac1507,11,False
KlaudiaBajolek,11,True
loopeko,11,False
Maciej.Czerwinski,11,False
stepien.bike,11,False
b0d6f6bb-c3a5-4996-8b9e-bbf376b4dbe5,11,False
mar_bar,11,True
marek_xtr,11,False
Mariusz_MC,11,False
mmazurki,11,False
michal.ficek,11,False
Mi_Siek,11,False
Nikolaamiezio,11,True
musiek91,11,False
sebcho1987,11,False
1e8e9670-98df-40a4-9622-e8985c3257de,11,False
ullu77,11,False
kallinasowka,11,False
pbrudnicki,11,True
reban1,11,False
stiva96,11,False
lukasz.krzyszczak,11,False
irekbialek,10,True
BartekCyklista,11,True
Bartek_Sarbak,11,False
BoguszewskiLukasz,11,False
Filip.P,11,True
Piotrek-82,11,False
Arturnicomeble,11,False
tapiriik-sync-bjorkdale,11,True
jocker163,11,False
tapiriik-sync-winnipegosis,9,True
1dca4f56-0133-4ef1-a2ee-29ddce6fc33e,8,False
elvirka,11,True
eeff6d42-f136-40b5-b38e-893a4007f5d1,11,False
Jahu72,11,False
brzuszek87,11,False
mschmidt80,11,False
HAREK,11,False
Owiec,11,False
lukaszkrakowiak,11,True
Dindol,11,False
Mikala,11,False
piotr.zawalkiewicz,11,False
mariannatrzeciak,11,False
tulipan5,10,True
aganista,11,False
911d134c-6028-4845-b3bf-60f637bf8aae,11,True
wielebny_zary,11,True
Cho_Dor,11,True
3f9a42cf-6ecd-49de-87e9-2943eaafdb94,11,False
Marcin_Kul,11,False
gieras_mg,11,False
ac119979-d095-4351-b458-7aabedfb780e,11,False
fdb8e72b-14a2-47e3-8134-c76e9b1b593a,11,True
b7042116-d1da-42b4-8b60-6f547d0651bd,11,False
c098112e-e915-4617-9028-792771806641,11,False
olka88,11,False
kostaschrono,11,False
pose-running.pl,11,False
pawelmichalewski,11,True
macjaclew,11,False
5424a29b-6f12-4be9-97dd-5759dae55ec5,11,False
Michalbww,11,False
r0bak,11,False
holan_triathlon,11,False
kozikowski,11,False
grabeek,11,False
AniaJachimowska,10,False
Asiulka223,10,False
baarteeq,10,False
11f30cf0-e70d-4384-8db8-9364a8ac9134,11,False
Marian1982PL,11,False
Marlena777,11,False
Ralphx,11,False
Bugi_82,11,False
Gapa87,11,False
579ddb6b-924f-4c1f-b411-1f9d0279de65,11,False
KasiaQ,11,False
034f2b9b-d84d-4374-9593-fd397ce2e4f0,11,True
b4d8906c-c34c-4104-bf8a-6feb6c15d7c6,11,False
PiotrOleszak,11,True
Rutka,11,False
gosia88,11,False
johnson.wp,11,False
nowika,11,False
BartekWisniewski,11,True
iwona_d2,11,False
85Karolina,11,False
Magdalisewska,11,False
marzenak-p,11,False
KE_PI,11,False
wojtekwisniewski,11,True
Chudyhonda,10,False
diki04,10,False
Agnieszka...,11,True
Jedliniak,11,False
Dagires,11,True
Darequ,11,True
GRAAND74,11,False
kgharemza,11,False
Lukasz_Dudek,11,True
dudixx,11,False
MonikaWolna,11,True
48603d73-f060-43e6-ba43-201c78133d9a,11,False
1980laurav,11,True
AdamSlater,0,False
camal1988,0,True
5983295d-c405-4df8-8894-dbbd25b1c4a6,3,True
1aa8faf3-e521-46dc-b986-3c9b244ac2b0,5,False
alicia.9,5,False
Jipo86,4,True
anthonystadelmann,5,False
popeye2988,6,False
Brendaan,7,False
Blou1Mel,8,False
francoisbesnard,8,False
fthomas_fr,9,False
Manu_Gaultier,9,True
megeseb,10,False
vrignaudpauvers,11,False
cedricquillet,9,False
8bb37d63-32f4-4297-a942-9d1f22293815,10,False
BenjESAngers,10,False
boutinmatth,10,True
jeremymy,11,False
goupil49,11,False
RPaul49,11,False
LaurenceRunning,11,False
fabien.chartoire,10,False
Fyls,11,False
matiwoj,11,False
Regis87,11,False
stephfav,11,False
srenard63,11,False
JulienChartoire,11,True
manu63,11,False
thony61,11,False
seblag,11,False
Kriscoolos,10,False
berruereric,11,False
5174ea63-4344-4d9d-a9e4-a766c0e42382,11,False
Chrisditkiki,11,True
CyrilleDrapeau,11,False
DaivyBrosse,11,True
francoisfontaine,11,False
fredo-juvin,11,False
jujurepuss,11,False
JulienRoux49,11,False
louis497,11,False
MorganP49,11,False
89afc22d-4199-4f4b-9ce5-a70f3a560260,11,True
oliviercouraud,11,False
robertogomez9949,11,True
SunBush,11,False
Nicotelec,11,True
yoTribon,11,False
alex37fr,11,False
lamasipi,11,False
marjo.clb,11,True
stephanedupas,11,True
2988578c-0770-4a3e-a1a6-bd99bf59729e,0,True
Labess,1,True
..julien..,2,False
Flo2312,2,False
AlineCroco,4,False
guigui21000,5,True
camillebtrl,5,False
78d029a3-5696-4fa0-81af-c6a492ccd95c,6,False
Runninglucas,6,True
nicolaslac,7,False
arnaud_gc,9,False
d03e5c6b-810b-4679-9b32-2896ef92131d,11,False
Franck3008,11,False
hef39,11,False
eb473130-aa62-434f-bb63-0355e53e14fd,11,True
laurentpernot,11,False
SIXTET39,11,False
Mika.1979,11,False
MISSAURE18,11,False
Nico39570,11,True
d77fc1ca-c57a-40be-b605-9fa0e75bb1ac,11,False
Rom1412,11,False
ThomasLACOSTE,11,False
Toine39,11,True
Tony39140,11,True
YOSEIGNEURET,11,False
YROSE21,11,True
yannick39,11,False
giggs311bebe,11,False
stephalen,11,False
tongo39,11,False
vince39570,11,False
CamilleDP,10,False
ttaratata,11,False
chriss333,10,True
NicoFidon,11,False
geo39,10,False
Marine_39,11,False
danieljura,10,False
gerardmar,11,True
michaud39,10,True
3c490f44-841a-42a1-8451-450a2987c4fd,9,False
FaboSkimit,9,False
Cpierrard,10,False
S.knudsen82,11,True
maxxou,10,True
DavidPietretti,11,False
AureleAlpi,11,False
marius71600,11,False
JEANMI69650,11,False
Stefn4,11,False
charolles71,11,False
olivier-vivi,10,False
Christelecricri,11,False
774c5b57-02c6-4e88-a835-e8a99c471235,10,False
SidonieJG,10,False
db8a081d-7f19-4555-bf12-9e4047ddf9b4,9,False
GaelNicolas,10,False
558970f8-a05d-4b31-8c1b-e025b3c0d9cf,7,False
Mattmultis,6,False
AUR08,7,False
Nicorunner9,8,False
AlexandreCMA,9,False
AGRunning,10,False
Dreyliciouss,10,True
Alazais,11,False
AliceJambon,11,False
aurelie1519,11,False
Baz-Fath,11,False
11654025-9cc3-481c-9963-b714416024c4,11,True
Joelbrive,11,False
cris-course,11,False
Clemin,11,True
dadpezz,11,False
David_plan,11,True
cyberpapy,11,False
Emaboveari,11,True
gregoryb.,11,False
hervilly,11,False
cesar39,11,True
JeremRunner,11,True
JessicaFurling,11,False
Jo_running,11,False
julienbourdeau,11,False
FutileLadyM,11,False
defab181-8cef-4eac-8fb6-c0f68139fbdc,11,False
DanRunParis,11,False
wellness78,11,False
Mmelagomme,11,False
mprvot,11,False
Nessa77,11,False
NicoSuzuki,11,False
Runner-Life,11,True
sophie.nedjari,11,False
basketsauxpieds,11,False
Larson_33,11,False
YannickRoyer10,11,False
anthocdj,11,False
Cocoandco11,11,False
edea75,11,False
Emiliearchi76,11,False
hadjimze,11,True
jpcarlos58,11,True
kali78,11,False
kejaj1,11,False
maudeke,11,False
nilcorp,11,False
sophielastyliste,11,False
stephan1704,11,True
tapiriik-sync-kedgwick,11,True
ben-charrieau,10,False
BenLeandre,11,False
Ludivine8308,11,False
bobclem,11,False
sharks08,11,True
david.d51,11,False
ecotteret.France,11,False
THOUIN08,11,False
llt51450,11,False
febvin,11,False
Rockyrider61,11,False
3dc17ab7-7a25-4bd4-9513-a70d4d968a02,11,False
Golo51,11,True
76489fd8-759a-40cf-9e35-47c1977581dd,11,True
sebscap18,11,False
TontonParrain,11,False
4bf5868a-2963-41a2-96db-c2599e34522f,11,False
bertrandjulie,11,False
denisb51,11,True
hdman51,11,False
hubhub08,11,False
Chevallier_julien,11,False
runningmike08,11,True
nassime08,11,False
gussvs,10,False
alexandre.coche,11,False
barbara.coche,11,False
coutet,11,False
pulll-up,11,False
founhj,11,False
JulienTaton,11,False
ludovic031979,11,True
mathot08,11,False
OlivierHO2,11,True
endorphine08,11,False
penillongmail.com,11,False
Camille_RunFLower,10,True
lioncalain,11,False
runnroses,11,False
DesperateC,11,False
FloFlo_NL,11,False
GregoryGdy,11,False
LaSurfRunneuse,11,False
Lilo42,11,False
Nicolas.Rednav,11,True
SophieMo,11,False
CaptainPhoenix,10,False
Lydraneha,11,False
GreenCoquelicot,11,True
Leti47,11,False
supreme.nkh,11,False
P-Rine,11,False
PenseesByOlivia,11,False
soniagrognet,11,False
SophieBrux,11,False
Sly35000,11,False
vanessaSoulier,11,True
twinsrunner,11,False
speedrun,11,False
Kristoch9108,11,True
Manon.arbal,11,False
PhilippeLEFEVRE,11,False
cedricbutez,10,False
christophehumbert,11,False
StCyrre,11,False
robby2306,11,False
Runeric08,11,True
EricPayen,11,False
g.godart,11,True
NatachaTralala,11,False
OphelieM,11,False
dbceca12-c5c7-40e1-8457-f74e7d896e8b,11,False
romu-sanglier08,11,False
wrf07,11,True
ValLeclercq,11,False
e08b66ac-ad10-45db-9edf-c80f33ce2654,11,False
aurel.lilou,11,False
aureliefroussart2,11,False
sanvoize,11,True
ricou08,11,False
Changte,11,True
azoueran,11,True
Adrien1981X,11,False
aalcaine,11,False
Andreas1967Muellet,11,False
arnaud68000,11,False
djailla,11,True
marie-poppin,11,False
Carlos.Oliveira,11,False
ChristopheMICLO_herbalife,11,True
Ebasket,11,False
BipBipManu,11,True
fchaar,11,False
gianny,11,False
Guibikeandrun,11,False
Jean-Pierre_Run_Run,11,True
JoggingRabbit,11,False
Jymbo,11,True
KarineCaillas,11,False
M.Gil,11,False
chokony,11,False
pierrelepadellec,11,False
Rce.a,11,False
noltera,11,True
SilviaAiraldi,11,True
calimero13990,11,False
thovsky,11,False
VaneMo,11,False
foxparsenal,11,False
cailloque,11,False
daisydeins,11,False
GustavoMR2015,11,False
koxinell,11,False
marion2978,11,False
souleymaneaka,11,False
EmileTrojani,10,False
Fafane62,10,True
damienLB-running,11,True
zouzou59350,11,False
fred_douche,11,False
CeciliaDruilhet,11,False
EricL31,11,False
michdiouf,11,False
jaife59,10,False
EmmanuelleRS,11,False
RISBAC,11,True
fredfromaix,11,True
Kutne,11,False
laupoot,11,False
Micke__82,11,True
RodRunnR,11,False
Thibault_jarry,11,False
chrismerel,11,False
ludimarple,11,False
Lyloaz,11,False
tfillaud,11,False
jducerf,10,True
didiheros,11,False
chrissinka,11,False
DG1978,11,False
Dmarc43,11,False
Faust29,11,False
FeelGood69,11,False
LeoCailheton,11,True
otassel,11,True
pmarlou,11,True
jfhennequ,11,True
tapiriik-sync-nokomis,11,True
jdupuy,10,False
archange0,11,False
Anais_liv,11,False
gbilly,11,True
ARTPUB,11,False
Ludovic_077,11,False
ede9c242-44f6-42b4-b340-f7fbc51645e0,11,True
Olivier.....,11,False
aline08,11,False
damsfer,11,False
Ludovic.LpS,10,True
ANISC,11,False
GrEuMs,11,True
47af432f-86a8-4a13-a8ef-4a9496a615a1,11,True
ff36f1a4-eca3-428e-a73b-055444235167,11,False
MichaelPasquet,11,True
PACO82,11,False
pascalmigault,11,True
RomainVor,11,False
SmoukinettePanda,11,False
MamyJojo08,10,True
Maglawenn,10,False
christophemartinez,11,False
Oli-Runner,11,False
routy8,11,True
Melvin996,10,False
962598a4-9043-4d34-a30b-282a9dcddce8,11,False
Nicolas4242,11,True
PetitesCrapules,11,False
upsilon,11,False
tilthadra,11,True
Severine.S,11,False
Pimp75,11,False
runettalonshauts,11,False
MrTigre,10,False
ooomaria,11,True
Doctor.Manhattan,11,True
black_shadow,11,False
bougis,11,False
gotoanywhere,11,False
fredrenaudin,10,False
Fred_44,11,False
Coach.Niecia,11,False
EmmaTF,11,False
FahimaB,11,False
Jesperjh,11,False
katetritraining,11,True
leodavesne,11,False
Michuush,11,False
Noxfromparis,11,False
Marath0n44,11,False
andreas_jansen,11,False
reemabeets,11,True
vivet44,11,False
Maykot,11,False
a74b58b8-8d83-41de-a541-7ba4051ca196,10,False
claude51,11,False
FreeRom42km,10,False
fabrice_levillain,11,False
forrestfranky,11,False
gerald405,11,False
Helene45,11,False
jerdopler,11,False
JulienF06,11,False
Likalo7,11,False
Rom1.Leg,11,False
Pillingprod,11,False
XavMal,11,False
YAZID7,11,False
Cyril1973,11,False
b086acf8-045a-485f-94d3-67643d85bfef,11,False
jroux77,11,False
mcl.online,11,False
Stephane51100,10,True
Thibaud389,10,False
A.VonDoms,11,True
CARLOSALSOLANO,11,False
camilleauthie,11,False
84a67d24-3eec-42f9-bbf3-ac218f291bda,11,False
hcallahan08,11,False
FKLVaiCurintia!,11,False
Paint08000,11,False
Thalytta,11,False
clic-lyon,10,False
nikoperrier,11,False
laurenthulot,11,True
papaprout,10,False
yasgreg,11,False
vincefleur,11,False
ladrine51,10,False
MatthieuDaSilva,11,False
Philgood51,11,False
c0174e9a-ffd7-40ae-a0fd-c56aa0295fc1,11,False
bezannes,11,False
letzgus.vincent,11,False
lptvlucie,10,True
Audreydenimes,11,False
CeliaValentine,11,False
kylvain57,11,False
titan-29,11,False
gazvier,11,False
mymy14,11,False
tri.nicolas33,11,False
michaelbriffoteaux,10,False
Guillaume_arethens,11,False
Krakramille,11,True
didail84,11,True
nakan,11,True
Joce-Coach,11,False
YG-08090,11,False
franckAguisa,11,False
nibours,11,True
ottavore,11,True
strifer6,11,False
tonio06200,9,False
AirSounet,10,False
FoB17,11,False
rollenapa,11,False
TomTomST,11,False
dos08,10,False
13482411-f6a4-4266-bd7f-d687e8126606,11,False
a173135d-5391-4b5c-bcd2-8245322cec0c,10,False
muriel06610,10,False
Blmyriam,11,False
StephaneChiesa,10,False
Antoine62161,11,True
fabienrocroy,11,False
rams55,11,True
DANY08,11,False
Guizmo08,11,False
wilanne,11,False
Yoanleclers,11,False
Gregland,11,False
JuanitoWM,11,False
chris1805,11,False
vantmi,11,False
djellali,10,False
Dima08,11,False
flingueur08,11,False
Ronny08,11,False
ivaninze,11,True
olive76460,10,False
Rockyb38,11,True
Benstmartin,11,False
fred76460,11,True
alexandre14670,11,False
ALESP08,9,False
c0cd476c-dee1-4ccf-a517-166822751c1c,10,False
gart08,11,False
af2e5592-0421-4e76-9436-e10109a7fc6e,10,False
GauthierTresonne,11,False
0a5956c6-43fe-4ea6-89a2-8fa599f6a193,11,False
d938bae6-60cb-45c0-8db9-0e7b445afa77,11,True
diako-4,0,False
AnthoHelper,1,False
DIMOSMOZ,2,False
FabG08,2,False
sebM08,3,True
DDavid53,6,False
lapedalehorpeenne,7,True
nadasamson,8,True
toto5379,8,True
thuaultalain,8,False
JERANIMO,8,False
6bddeab5-0c1e-4028-83be-8fa8d8cd06f2,9,True
charlywarrior53,9,True
Alexjoulain1,10,False
Alban.Renaud44,11,True
nenel1071,11,True
arnaud.machefer,11,False
Mimich,11,False
EnzoPacary44,11,True
Stevenvsv,11,False
VALENTIN.TERRIEN,11,False
Jasonvsv,11,False
thibaud.labalue,11,False
tibo1609,11,False
armando49400,11,True
yohann49270,11,False
fifoux53,10,False
ArtCortais,11,True
TomGougeon,10,False
AngeBerthout,11,False
Evan116,11,False
Jendraszak,11,False
julien.martineau_EANM,11,False
MartinEANM,11,False
dee28cbe-f753-4dc5-aef7-bf57d2642c4c,11,True
Quentin-R,11,False
stefiemauny,11,False
Valentindefay,11,False
Williamrebuffe,11,False
vingouge,11,True
tabpat,11,False
honorine53,10,False
kervran53,10,True
trekmanstrong,11,True
robineliu,11,False
leroyerarno,10,True
BastienBS72,11,False
Thomascycle72,11,False
evanlm72,11,False
7c82af15-866a-41ee-8900-88e03fed9f25,11,False
76d7c2c4-e560-4862-ac0d-37e8e88dac11,11,True
suzuki56,11,False
djjoe72,11,True
frankmoult,11,False
bonkev72,11,False
clodolepilote,11,False
TOM61700,11,True
sobel72,11,True
e88f84ba-4507-4116-aa10-452c3bb3fcfe,10,False
6116183e-cb15-4bb1-a93a-a7b2e351c18d,10,True
mrjat,11,False
LeBourhisLoic,11,False
f98c44a0-7b0c-4d61-a8b9-cb4623bb0589,11,False
Johaneker,10,False
tof61,11,False
Malain,10,False
dav45,11,False
32f3fd31-47b0-44a2-b0a4-727529918c46,11,False
Titismj,11,False
Totof_Cacien,11,False
THILALLO,11,False
vincentj45,11,True
luccho72,10,False
fab_51,11,True
1b57eed1-fabf-4f7f-9e8a-ed5370766e70,11,True
landeau_clement,11,True
DavidLEMETAYER,11,True
EricB72200,11,True
Fdekersabiec,11,False
f7358ce4-2dd1-4c84-96ae-5a678c5e21c7,11,False
klismax,11,False
mehdimacfly,11,False
xipo64,11,True
Ptitpierre72,11,False
TimotheeBL,11,False
cfournier3,11,False
ssachot,11,False
cruchot53.,10,False
kevin2512,11,False
NicoCRETOIS,11,False
ericmont,11,False
gablio,11,False
sieg53,11,False
nicotardieu,10,True
Alexandre.Lardeux,11,False
Arno.Godefroy,11,False
AxelDePoorter,11,False
BenoitMignon,11,False
Bigbenholz,11,False
G_Forgerit,11,True
flyhervio,11,False
magTardieu,11,True
appophil,0,False
Annabelle_1977,1,True
be9275b1-8a46-4c2e-b962-9001fc39d3d0,2,False
FloP44,3,True
heartsun,4,True
Laurent-ACC44,5,False
Bluch,6,False
-GTA,7,False
karlkox,9,False
tr3nt44,10,False
bolecousy,11,False
Gregauv,11,False
olidavid,11,False
Ony85,11,False
Sehaloa,11,False
bertrand061181,11,False
clown69,11,False
geomatar,11,False
yaloof,10,False
FaridMedjkoune,11,True
danicourt11,11,False
moermanhelene,11,False
team-garmin,11,True
gauthierfr,1,False
DelphineFCLaon,2,False
Arnaline,3,False
06fcf4e9-5a7a-42d0-9318-8212c7d27bbf,4,False
Milodel,5,False
f8f0bb29-b9e1-4856-ac75-f6be3d88fa88,6,False
alexandredrouet,8,False
alexandrenogas,9,False
Sandrine1209,10,False
benji02,11,False
BenoitK02,11,False
0e5457d2-e38b-416e-91c5-3bbd02273d0b,11,True
Christophe02190,11,False
Gaetgaet02,11,False
GaspardJerome,11,False
JulienTell,11,False
pascalmora,11,False
Manondu4,11,True
Votte,11,False
Pouyette,11,False
fred5102,11,False
Jeff.Dumont,11,False
noguy,11,True
pascologilles,11,False
Vir02,11,False
BarbaraDrouet,9,False
Gaetgaet02190,9,False
benouze51,10,True
Coreste,11,True
67400611-63f5-4f4e-86e1-b550d7112cb2,11,False
69c80422-8771-47ad-a5a6-27ae9201199e,11,False
b1dab697-edcf-4036-a804-d20d037db1fc,11,True
TofPaiPai,11,False
Duche5,11,False
christ1407,11,False
Gerald-Parant,9,False
CHRISTOPHEESFRA,10,False
alaindebrandt,11,False
nono1EFSRA,11,False
DoudouFred,11,False
3548ca79-9e33-4a07-a8c0-ba0a06431d1f,11,False
gournay,11,False
cedrictaton,11,False
romuarcs,10,False
974loulou,11,False
TAIFOUR_ABDELLAH_,11,True
Arnaudbx61,11,False
Chris-Efsra,11,False
boscceline,11,True
domdigi1981,11,False
Gregpat80,11,False
J-Sebastien,11,False
fmasset,11,False
olivborto,11,True
wecholive,11,False
pampou35,11,False
gino511,11,False
bati51,11,True
Ronin02400,11,False
veyrierasnicolas,11,False
Yohan57,11,False
Empi02,11,False
carofred83,11,False
demalik,11,False
nikos1991,11,False
kirui,11,False
sebseb02,11,False
TEAMRDP,11,False
Thierry1344,11,True
guillaume310xt,11,False
sabylagazelle,11,True
88louis,11,True
yoda_lio,11,False
boucdefrance,11,False
julien1978,10,False
cutcout,11,False
michael.adan,11,True
Alesia57,11,True
bellyle,11,True
Svenobarnred,11,False
Cyrilleray,11,True
danyrr,11,False
pedrolito22,11,True
92cae7b5-ca1d-4f3b-be1c-87b88728cbbb,11,False
fredkawa,11,True
lud06,11,False
Joachim-G,11,True
JoaoRecife,11,True
Juju2112,11,False
Krzysztof03,11,False
lazioderome,11,True
Marc6768,11,False
Maurin_Mickael,11,False
Nomade_31,11,False
O.REDA,11,False
francki30,11,False
Sebastienc38,11,False
Rovini77,11,False
Olivier_VTY,11,True
